id_A,hotel_name,address,city,country,latitude,longitude,rating,reviews_count
A00000,Inn Europa Saint,"Street Paulista, 1106",Porto,PT,41.115784,-8.640587,3.4,412
A00001,Hotel Cathedral II,"Avenue Augusta, 2592",Paris,FR,48.791519,2.423506,3.7,287
A00002,Pousada Seine II,"Avenue Copacabana, 4269",Porto,PT,41.117182,-8.610908,5.0,690
A00003,Palace Copacabana Saint,"Av. das Flores, 6372",Lisboa,PT,38.795851,-9.041365,3.1,61
A00004, Augusta,"Rua Copacabana, 2477",Porto,PT,41.161633,-8.564832,3.9,893
A00005,Hotel Augusta Saint & Spa,"Street da República, 9974",Barcelona,ES,41.449176,2.195985,4.1,251
A00006,Suites Europa II,"R. Central, 4777",Curitiba,BR,-25.438324,-49.299605,3.5,610
A00007,Pousada Cathedral,"Avenue Copacabana, 7988",Porto Alegre,BR,-30.13437,-51.220806,3.7,739
A00008,Inn Seine Saint,"Rua da República, 2703",São Paulo,BR,-23.460624,-46.681304,4.7,571
A00009,Suites Liberdade Saint,"St Paulista, 6646",Curitiba,BR,-25.368655,-49.375006,3.8,315
A00010,Pousada Paulista II,"Ave Central, 3169",Paris,FR,48.873949,2.398934,4.0,69
A00011,Pousada Seine II,"Rua Paulista, 6781",Rio de Janeiro,BR,-22.891521,-43.111033,4.6,439
A00012,Pousada Gaudí II,"Avenida Central, 9548",Paris,FR,48.888907,2.340206,3.2,674
A00013,Hotel Paulista Saint,Avenida Central 6230,Belo Horizonte,BR,-19.90801,-43.893659,4.8,706
A00014,Hotel Europa II,"Rua dos Andradas, 9409",Paris,FR,48.840418,2.387117,4.1,600
A00015,Inn Cathedral,Praça da Sé 7341,Curitiba,BR,-25.424366,-49.182428,4.0,458
A00016,Palace Seine,"Rua das Flores, 298",Lisboa,PT,38.679041,-9.104731,4.5,626
A00017,Palace Gaudí,"Avenida da República, 6199",Rio de Janeiro,BR,-22.971966,-43.243699,4.1,479
A00018,Grand Hotel Augusta II,"Street dos Andradas, 9634",Barcelona,ES,41.346583,2.100637,3.9,11
A00019,Residency Seine Saint & Spa,"Avenida Europa, 630",Paris,FR,48.814004,2.368992,4.9,181
A00020,Inn Cathedral II,"Rua Europa, 26",Rio de Janeiro,BR,-22.969156,-43.217264,4.1,621
A00021,Palace Cathedral II,"Avenue Central, 8498",Curitiba,BR,-25.475413,-49.315451,3.6,219
A00022,Residency Central,"Praça Liberdade, 4308",Lisboa,PT,38.772854,-9.183789,3.3,1046
A00023,Pousada Lumière Saint,Praça da República 3184,Paris,FR,48.882084,2.311792,4.7,809
A00024,Residency Copacabana II,"Pça. Liberdade, 6950",Lisboa,PT,38.679344,-9.184405,4.1,483
A00025,Grand Hotel Paulista,"St da República, 2388",Porto,PT,41.165654,-8.570191,4.4,392
A00026,Palace Cathedral Saint & Spa,"Avenida Liberdade, 3148",Lisboa,PT,38.708111,-9.045316,4.2,242
A00027,Inn Cathedral & Spa,"Rua da Sé, 6969",São Paulo,BR,-23.472731,-46.659685,4.2,1
A00028,Suites Europa,"Avenida das Flores, 4038",Barcelona,ES,41.363134,2.188623,4.2,662
A00029,Grand Hotel Gaudí II,"Praça Copacabana, 1429",São Paulo,BR,-23.489407,-46.659235,4.0,516
A00030,Pousada Gaudí II,"Avenue da Sé, 1049",Curitiba,BR,-25.432156,-49.32177,3.1,509
A00031,Pousada Lumière Saint,"Praça Europa, 661",Paris,FR,48.849412,2.358997,4.7,423
A00032,Hotel Cathedral,"Avenue Copacabana, 1788",Rio de Janeiro,BR,-22.866414,-43.153684,3.1,109
A00033,Suites Paulista,"Praça Paulista, 7455",Rio de Janeiro,BR,-22.967976,-43.159806,4.4,730
A00034,Inn Cathedral Saint,"Praça dos Andradas, 3631",Rio de Janeiro,BR,-22.859828,-43.065325,3.3,1
A00035,Palace Augusta,"Praça Liberdade, 3156",São Paulo,BR,-23.5157,-46.635183,5.0,153
A00036,Hotel Paulista Saint,Rua Europa 5087,Barcelona,ES,41.427107,2.216194,4.5,483
A00037,Grand  Lumière,"Avenida Augusta, 3074",Curitiba,BR,-25.42024,-49.226302,3.7,65
A00038,Hotel Augusta II,"Avenue Paulista, 6590",Curitiba,BR,-25.414031,-49.308355,4.7,910
A00039,Residency Cathedral II,"Avenida da Sé, 9556",Porto Alegre,BR,-30.061022,-51.203027,4.0,72
A00040,Inn Lumière II,"Avenida da República, 6310",Barcelona,ES,41.384301,2.179595,4.4,278
A00041,Grand Hotel Augusta,"Rua Europa, 5930",Lisboa,PT,38.666883,-9.138898,3.7,158
A00042,Hotel Copacabana,"Avenida Central, 9916",Rio de Janeiro,BR,-22.856089,-43.124779,3.9,429
A00043,Suites Gaudí,"Praça Augusta, 5348",Belo Horizonte,BR,-19.865593,-43.838624,3.4,192
A00044,Grand Augusta Boutique,"Avenida dos Andradas, 2094",Belo Horizonte,BR,-19.922542,-43.948282,4.1,245
A00045,Grand Hotel Gaudí & Spa Boutique,"Rua Paulista, 8476",Porto Alegre,BR,-29.998046,-51.239029,4.5,523
A00046,Grand Hotel Central Saint & Spa,"Avenue Europa, 2784",Porto,PT,41.123304,-8.599328,4.4,288
A00047,Grand Hotel Cathedral,"Avenida Augusta, 8070",Curitiba,BR,-25.429417,-49.188563,3.0,418
A00048,Inn Gaudí,"Ave Paulista, 897",Belo Horizonte,BR,-19.897022,-44.0195,4.6,374
A00049,Hotel Cathedral,"Avenida da República, 9443",Barcelona,ES,41.41736,2.180437,3.7,629
A00050,Hotel Seine,"Rua Europa, 6296",Paris,FR,48.819629,2.297164,4.5,539
A00051,Pousada Cathedral II,Avenida das Flores 9615,Paris,FR,48.80617,2.359502,3.9,794
A00052,Grand Hotel Europa,"Street Central, 4860",Belo Horizonte,BR,-19.961233,-43.965097,4.0,395
A00053,Hotel Cathedral II,"Av. Paulista, 225",Lisboa,PT,38.67249,-9.169701,3.8,25
A00054,Suites Augusta II,"Street Paulista, 8106",Barcelona,ES,41.391636,2.189552,3.4,823
A00055,Suites Paulista,Street Europa 6377,Porto,PT,41.090994,-8.667036,4.2,223
A00056,Inn Lumière II,"Rua da República, 1994",Lisboa,PT,38.729643,-9.058043,3.6,290
A00057,Residency Paulista Saint,"Avenida dos Andradas, 3668",Paris,FR,48.876947,2.400385,3.9,691
A00058,Palace Liberdade,"Praça Augusta, 2812",Paris,FR,48.861288,2.33301,4.7,149
A00059,Inn Liberdade II,"Ave Liberdade, 3817",Barcelona,ES,41.371672,2.231411,4.0,503
A00060,Palace Paulista,"Avenue da República, 4928",Porto Alegre,BR,-30.008258,-51.269465,4.1,90
A00061,Suites Cathedral Saint,Avenue Central 5032,São Paulo,BR,-23.591589,-46.597464,4.8,893
A00062,Inn Paulista Boutique,"Avenue das Flores, 9650",Madrid,ES,40.421664,-3.682241,2.9,118
A00063,Palace Paulista Saint,Praça dos Andradas 2965,Porto Alegre,BR,-30.124959,-51.197086,3.4,730
A00064,Residency Central,Rua dos Andradas 6140,Belo Horizonte,BR,-19.909624,-43.948851,2.6,379
A00065,Pousada Europa,"Rua Central, 2801",Belo Horizonte,BR,-19.979149,-43.949488,3.9,590
A00066,Hotel Lumière II & Spa,"Avenida da República, 5448",Porto Alegre,BR,-30.078863,-51.265009,4.0,438
A00067,Inn Europa,"Street das Flores, 196",Porto Alegre,BR,-30.109977,-51.213994,4.0,622
A00068,Grand Hotel Gaudí,"Street Copacabana, 8968",Barcelona,ES,41.399325,2.151658,5.0,265
A00069,Inn Seine Saint,"Rua Europa, 7053",São Paulo,BR,-23.593409,-46.637651,3.9,828
A00070,Grand Hotel Gaudí Saint,"Avenue Copacabana, 4822",Paris,FR,48.833133,2.28754,3.6,497
A00071,Residency Liberdade,"Ave das Flores, 5942",Rio de Janeiro,BR,-22.911211,-43.183205,4.5,459
A00072,Inn Paulista,"St Central, 576",Curitiba,BR,-25.512084,-49.208091,5.0,677
A00073,Suites Liberdade,Ave dos Andradas 3770,Porto,PT,41.132196,-8.604452,3.5,400
A00074,Residency Europa,"Avenue dos Andradas, 1751",Porto,PT,41.151871,-8.610395,4.0,744
A00075,Residency Augusta,"Praça das Flores, 5391",Rio de Janeiro,BR,-22.967044,-43.151021,4.3,775
A00076,Pousada Central Boutique,"Street dos Andradas, 770",São Paulo,BR,-23.479726,-46.553075,2.5,600
A00077,Palace Copacabana,"Street da República, 6236",Curitiba,BR,-25.373371,-49.249763,3.8,148
A00078,Hotel Lumière,"Praça Paulista, 5259",Rio de Janeiro,BR,-22.864471,-43.135815,4.4,532
A00079,Grand  Gaudí,"Rua das Flores, 6279",Barcelona,ES,41.345877,2.159832,5.0,167
A00080,Palace Liberdade,"Pça. Paulista, 8155",Rio de Janeiro,BR,-22.892038,-43.172642,4.5,773
A00081,Palace Augusta II,"Avenue Augusta, 7575",Porto,PT,41.154743,-8.578967,4.7,625
A00082,Grand Hotel Gaudí,"Street Augusta, 2694",São Paulo,BR,-23.544134,-46.581807,3.8,389
A00083,Hotel Gaudí,"Praça da República, 5865",São Paulo,BR,-23.542395,-46.690904,4.9,446
A00084,Grand Hotel Lumière Saint,"Rua Augusta, 7995",Rio de Janeiro,BR,-22.897129,-43.173166,3.0,522
A00085,Pousada Copacabana,"Avenida dos Andradas, 1708",Curitiba,BR,-25.390555,-49.329515,4.0,747
A00086,Residency Central,"Street Copacabana, 8005",Barcelona,ES,41.418982,2.279953,3.6,324
A00087,Inn Gaudí Boutique,"Avenida das Flores, 1960",São Paulo,BR,-23.568292,-46.672178,4.1,692
A00088,Inn Seine,"Street Paulista, 9209",Barcelona,ES,41.372055,2.160406,3.5,919
A00089,Pousada Liberdade,"Praça Augusta, 2256",Curitiba,BR,-25.418167,-49.251543,3.5,621
A00090,Inn Central,"Pça. Central, 8446",Barcelona,ES,41.397474,2.109987,4.7,818
A00091,Hotel Augusta,"Rua da Sé, 5700",Porto,PT,41.125864,-8.666586,4.5,829
A00092,Inn Paulista,Praça Augusta 7997,Madrid,ES,40.423421,-3.706885,4.0,784
A00093,Palace Liberdade,"Street da Sé, 5089",Paris,FR,48.830264,2.307425,2.7,345
A00094,Grand Central II,"Avenida dos Andradas, 5443",Porto Alegre,BR,-30.093247,-51.268069,3.3,172
A00095,Hotel Lumière & Spa Boutique,"Street da Sé, 5692",Lisboa,PT,38.78229,-9.145846,3.7,150
A00096,Inn Seine Saint,"Avenue Europa, 9562",Belo Horizonte,BR,-19.955674,-43.857453,3.8,387
A00097,Residency Augusta,"Ave da República, 7422",Rio de Janeiro,BR,-22.926541,-43.141801,4.8,523
A00098,Palace Augusta,"Avenida Paulista, 2840",Rio de Janeiro,BR,-22.893515,-43.120248,4.4,839
A00099,Pousada Paulista,"Praça da Sé, 5053",Porto,PT,41.205343,-8.587115,3.3,709
A00100,Inn Seine,"Avenue das Flores, 5746",Lisboa,PT,38.761831,-9.109375,3.7,270
A00101,Hotel Lumière,"Rua Liberdade, 2787",Lisboa,PT,38.632794,-9.201008,3.6,834
A00102,Suites Europa,"Avenue da República, 3441",Paris,FR,48.840316,2.359116,4.2,792
A00103,Hotel Central,"Praça Paulista, 699",Porto Alegre,BR,-30.051591,-51.179653,4.2,484
A00104,Inn Liberdade II,"Avenue da Sé, 5487",São Paulo,BR,-23.598353,-46.691781,4.6,737
A00105,Residency Gaudí Saint,"Avenue Europa, 2157",Madrid,ES,40.50898,-3.68218,4.1,565
A00106,Suites Cathedral II,"Avenida Central, 1192",Barcelona,ES,41.418062,2.213277,4.7,270
A00107,Residency Cathedral,"Street Augusta, 1325",Rio de Janeiro,BR,-22.943759,-43.181441,4.3,927
A00108,Palace Gaudí St.,"Rua Central, 1532",Rio de Janeiro,BR,-22.928893,-43.147746,4.0,696
A00109,Pousada Europa,Praça Augusta 9443,Barcelona,ES,41.355082,2.12126,5.0,384
A00110,Pousada Seine,"Street das Flores, 5064",Porto Alegre,BR,-30.100019,-51.191386,4.0,224
A00111,Grand Hotel Copacabana,"Rua Augusta, 4965",Paris,FR,48.764916,2.367924,4.7,818
A00112,Palace Liberdade,"Praça da Sé, 5714",Lisboa,PT,38.656211,-9.048852,4.7,336
A00113,Residency Paulista Saint,Rua dos Andradas 7450,Paris,FR,48.874926,2.409479,4.1,438
A00114,Palace Europa II,"Avenue da Sé, 1461",Curitiba,BR,-25.445919,-49.352725,3.2,651
A00115,Hotel Lumière,"Avenida Europa, 3420",Rio de Janeiro,BR,-22.831772,-43.163633,4.7,526
A00116,Suites Europa II,"Pça. Central, 7902",São Paulo,BR,-23.578573,-46.501441,4.9,339
A00117,Suites Copacabana Saint,"Street Copacabana, 4531",Curitiba,BR,-25.377195,-49.357826,3.3,6
A00118,Residency Copacabana,"Rua das Flores, 4262",Porto Alegre,BR,-30.043987,-51.202345,5.0,570
A00119,Palace Augusta II,R. Europa 6328,Rio de Janeiro,BR,-22.904617,-43.196366,3.4,336
A00120,Pousada Copacabana,"Praça Liberdade, 6778",Rio de Janeiro,BR,-22.938212,-43.114565,3.9,476
A00121,Residency Lumière II,"Avenida da República, 8718",Madrid,ES,40.510734,-3.687204,4.4,199
A00122,Inn Seine,"Praça das Flores, 1762",Lisboa,PT,38.616968,-9.140814,3.8,81
A00123,Inn Lumière Saint,"Praça Liberdade, 9353",Curitiba,BR,-25.391004,-49.261584,5.0,481
A00124,Suites Gaudí II,Praça das Flores 847,Porto Alegre,BR,-29.968311,-51.235021,3.8,654
A00125,Inn Paulista Boutique,"Av. dos Andradas, 2049",Rio de Janeiro,BR,-22.965225,-43.156842,4.9,23
A00126,Central II,"Ave da República, 10",Paris,FR,48.785076,2.360256,4.0,577
A00127,Residency Europa,"Rua das Flores, 2833",Belo Horizonte,BR,-19.851704,-43.914901,3.8,936
A00128,Palace Lumière St.,"Avenida Liberdade, 5257",Barcelona,ES,41.395882,2.1604,4.6,530
A00129,Pousada Gaudí & Spa,"Street Liberdade, 6414",Curitiba,BR,-25.410375,-49.293454,4.5,1074
A00130,Inn Gaudí,"Rua Copacabana, 1066",Belo Horizonte,BR,-19.934105,-43.871378,3.8,53
A00131,Suites Paulista Saint,"Rua Central, 4671",Madrid,ES,40.359691,-3.783282,3.6,500
A00132,Pousada Augusta,"Ave da Sé, 1121",Porto Alegre,BR,-30.053333,-51.208685,4.4,234
A00133,Palace Seine,"Street das Flores, 6029",Barcelona,ES,41.392055,2.294146,3.7,1360
A00134,Inn Copacabana Saint & Spa & Spa,"Praça Liberdade, 95",Curitiba,BR,-25.342942,-49.243353,4.5,581
A00135,Suites Seine,"Avenida Europa, 6167",Lisboa,PT,38.729806,-9.009287,4.1,475
A00136,Inn Augusta,"Avenida Paulista, 3877",São Paulo,BR,-23.454674,-46.562748,4.8,335
A00137,Hotel Central Saint,"Avenue da Sé, 1793",Curitiba,BR,-25.450056,-49.289571,4.2,841
A00138,Pousada Augusta,"Praça dos Andradas, 1626",Lisboa,PT,38.656378,-9.203833,3.8,980
A00139,Pousada Liberdade II,"Street dos Andradas, 1991",Porto,PT,41.114342,-8.56412,3.6,272
A00140,Hotel Cathedral,"Rua Augusta, 3433",Porto Alegre,BR,-30.070996,-51.237845,3.9,463
A00141,Palace Cathedral Saint Boutique,"Avenida Liberdade, 4874",Paris,FR,48.803823,2.438181,4.5,809
A00142,Hotel Gaudí Saint,Praça das Flores 5955,Lisboa,PT,38.72501,-9.149853,4.4,184
A00143,Residency Lumière II & Spa,"Praça Augusta, 7971",Curitiba,BR,-25.512167,-49.314569,4.3,355
A00144,Hotel Cathedral,Avenue Liberdade 4243,Madrid,ES,40.335758,-3.613277,3.4,243
A00145,Grand Hotel Liberdade Saint,"Street da Sé, 4492",Porto,PT,41.20871,-8.643915,4.7,400
A00146,Pousada Augusta II,"Rua Europa, 1388",Madrid,ES,40.434808,-3.698071,3.3,434
A00147,Suites Augusta II,"Avenue Copacabana, 8634",Porto Alegre,BR,-30.109382,-51.200012,5.0,773
A00148,Grand Hotel Cathedral & Spa,"Avenue Central, 8042",Belo Horizonte,BR,-19.873712,-43.985932,4.3,93
A00149,Palace Cathedral II,"Rua Europa, 9901",Curitiba,BR,-25.360295,-49.293528,3.0,183
A00150,Suites Paulista Saint,"Street Liberdade, 4789",Barcelona,ES,41.357911,2.096538,3.3,26
A00151,Palace Gaudí,"Rua Paulista, 2344",Paris,FR,48.959181,2.347416,3.3,460
A00152,Pousada Copacabana,"Street Liberdade, 4204",Porto,PT,41.183973,-8.689497,3.9,368
A00153,Pousada Paulista,"Avenida Central, 5137",Paris,FR,48.791847,2.337621,4.6,527
A00154,Pousada Seine & Spa,"Avenida Europa, 8045",Lisboa,PT,38.65919,-9.00893,3.7,399
A00155,Residency Gaudí Saint,"Avenida da República, 8008",Curitiba,BR,-25.396533,-49.231211,3.8,202
A00156,Pousada Seine Saint,"Praça Copacabana, 5393",Belo Horizonte,BR,-19.917539,-43.890322,3.2,148
A00157,Residency Lumière,"Rua Copacabana, 5469",Barcelona,ES,41.257945,2.207585,4.1,737
A00158,Pousada Seine II Boutique,"Avenue Copacabana, 4347",Madrid,ES,40.394936,-3.630906,5.0,405
A00159,Inn Gaudí II Boutique,"Rua da República, 7070",Rio de Janeiro,BR,-22.820286,-43.162968,4.2,527
A00160,Suites Copacabana,"Avenue Central, 146",São Paulo,BR,-23.524398,-46.645663,3.6,484
A00161,Pousada Seine,"Street dos Andradas, 9131",Rio de Janeiro,BR,-22.867359,-43.15959,4.0,281
A00162,Palace Central,"Avenida Copacabana, 3565",Belo Horizonte,BR,-19.939555,-43.944223,4.5,842
A00163,Residency Paulista,"Rua Europa, 1914",Belo Horizonte,BR,-20.0127,-43.780297,5.0,332
A00164,Palace Gaudí,"Avenue Copacabana, 4676",Porto,PT,41.040033,-8.653791,4.3,107
A00165,Inn Central,"Avenue Europa, 5371",Rio de Janeiro,BR,-22.882317,-43.168692,4.2,811
A00166,Pousada Seine Saint,"Avenida das Flores, 1592",Porto,PT,41.065299,-8.587932,4.0,676
A00167,Inn Paulista Saint,"Avenue Central, 1705",Porto,PT,41.102994,-8.578827,4.6,506
A00168,Grand Hotel Seine,"Avenue da República, 6507",Paris,FR,48.879419,2.332382,4.3,896
A00169,Residency Copacabana,"Rua Central, 9883",Madrid,ES,40.351516,-3.66351,4.7,1147
A00170,Pousada Central Saint,"Avenida da Sé, 5353",Barcelona,ES,41.369117,2.179497,4.5,179
A00171,Suites Paulista II,"Rua dos Andradas, 9078",Porto Alegre,BR,-30.055922,-51.222187,4.0,365
A00172,Residency Paulista II,"Avenida Augusta, 9646",Barcelona,ES,41.318147,2.061549,4.3,382
A00173,Suites Liberdade,Rua Europa 5627,Rio de Janeiro,BR,-22.920511,-43.153008,3.4,939
A00174,Residency Lumière,"Rua Paulista, 6574",Barcelona,ES,41.472446,2.046423,4.7,380
A00175,Hotel Central II,"Avenue Copacabana, 6645",Lisboa,PT,38.688211,-9.092844,3.9,451
A00176,Grand Copacabana II,"Pça. Central, 8358",Rio de Janeiro,BR,-22.89045,-43.146592,4.4,401
A00177,Hotel Paulista,"Street Augusta, 3118",Porto Alegre,BR,-29.970337,-51.264243,4.9,488
A00178,Suites Paulista & Spa,"Avenida dos Andradas, 7834",Porto,PT,41.239583,-8.577407,4.0,574
A00179,Hotel Copacabana,"Avenida Augusta, 5384",Madrid,ES,40.471925,-3.726441,4.8,645
A00180,Grand Hotel Liberdade Saint,"Street Europa, 4905",São Paulo,BR,-23.469354,-46.653583,5.0,832
A00181,Hotel Liberdade II & Spa,"Street das Flores, 3639",Porto Alegre,BR,-30.039142,-51.17948,4.4,24
A00182,Pousada Liberdade,"Praça dos Andradas, 8947",Barcelona,ES,41.447652,2.165042,4.5,852
A00183,Inn Europa,"Street das Flores, 9580",Belo Horizonte,BR,-19.872694,-43.793548,3.8,602
A00184,Palace Paulista Saint,"Street da República, 3592",Rio de Janeiro,BR,-22.979394,-43.098917,2.3,645
A00185,Suites Gaudí II,"Street das Flores, 1526",Porto Alegre,BR,-29.940249,-51.185362,4.0,285
A00186, Gaudí,"Praça da Sé, 2114",Barcelona,ES,41.390024,2.164299,2.9,938
A00187,Inn Lumière,"St Augusta, 1391",Belo Horizonte,BR,-19.924547,-43.940387,4.7,492
A00188,Pousada Copacabana,"Avenue Central, 7474",Belo Horizonte,BR,-19.994314,-43.912898,3.0,590
A00189,Suites Europa Saint,"Avenida Paulista, 1199",Barcelona,ES,41.384847,2.271247,4.9,534
A00190,Hotel Lumière,"Street Paulista, 4910",São Paulo,BR,-23.521544,-46.623905,4.4,706
A00191,Hotel Seine II,Avenida Copacabana 3292,Paris,FR,48.777083,2.395173,4.1,553
A00192,Residency Gaudí Saint,"Avenida dos Andradas, 9540",Lisboa,PT,38.780621,-9.202851,4.5,722
A00193,Hotel Cathedral St. Boutique,"Praça Paulista, 1389",Madrid,ES,40.426488,-3.750702,3.3,1
A00194,Palace Liberdade,"Rua Paulista, 5593",São Paulo,BR,-23.65781,-46.541598,4.1,422
A00195,Suites Seine II,"Rua Liberdade, 2990",Rio de Janeiro,BR,-22.880564,-43.167354,4.3,178
A00196,Residency Augusta Saint,"Avenida da Sé, 8235",Lisboa,PT,38.760316,-9.126573,4.2,431
A00197,Residency Augusta,"Praça Copacabana, 141",Porto Alegre,BR,-30.011566,-51.285589,5.0,660
A00198,Palace Liberdade,"Avenida Augusta, 7312",Curitiba,BR,-25.466364,-49.19091,3.3,539
A00199,Residency Seine Boutique,Praça Augusta 146,Rio de Janeiro,BR,-22.918995,-43.224658,3.7,248
A00200,Inn Copacabana,"Avenue Paulista, 631",Rio de Janeiro,BR,-22.940372,-43.214741,3.6,289
A00201,Pousada Seine,"Ave Central, 1101",Madrid,ES,40.435812,-3.701495,4.3,194
A00202,Hotel Copacabana,"Praça da Sé, 2476",Belo Horizonte,BR,-19.886827,-44.018908,3.4,791
A00203,Grand Hotel Liberdade 2,"Street Copacabana, 5250",Belo Horizonte,BR,-20.016427,-43.970214,3.4,550
A00204,Palace Gaudí Saint,"Avenida Central, 208",Madrid,ES,40.30086,-3.726466,3.6,764
A00205,Grand Hotel Augusta Boutique,"Av. Copacabana, 5783",Belo Horizonte,BR,-19.998819,-44.002799,4.0,24
A00206,Pousada Augusta II,"Avenida Augusta, 7575",Porto Alegre,BR,-30.010097,-51.162111,3.0,853
A00207,Inn Paulista 2,"Avenue Liberdade, 8786",Barcelona,ES,41.407597,2.269158,3.6,687
A00208,Residency Augusta II,"Avenue Liberdade, 8265",Paris,FR,48.884951,2.303287,4.1,406
A00209,Grand Hotel Gaudí 2 Boutique,"Avenue dos Andradas, 8985",Porto,PT,41.194764,-8.691655,3.8,720
A00210,Palace Augusta II,"Street dos Andradas, 3037",Barcelona,ES,41.306922,2.229213,4.6,1
A00211,Grand Hotel Seine,"Praça Copacabana, 4738",Curitiba,BR,-25.421939,-49.286315,3.3,383
A00212,Residency Copacabana Saint,"Street Liberdade, 9701",Porto,PT,41.090871,-8.701788,4.4,765
A00213,Palace Central II,"Avenida Paulista, 6165",Madrid,ES,40.480137,-3.755085,2.9,338
A00214,Grand Hotel Copacabana II,"Avenue da República, 8124",Rio de Janeiro,BR,-22.873821,-43.155147,4.6,1026
A00215,Cathedral Saint,"Avenue Liberdade, 3457",Curitiba,BR,-25.498154,-49.318003,4.9,288
A00216,Residency Liberdade,"Praça Europa, 8755",Rio de Janeiro,BR,-22.896596,-43.203745,3.9,785
A00217,Suites Paulista Saint,"Rua Central, 3840",Lisboa,PT,38.65531,-9.163672,4.5,162
A00218,Suites Gaudí,"Avenida Europa, 8570",São Paulo,BR,-23.583432,-46.584392,3.9,518
A00219,Palace Copacabana Saint,"Rua das Flores, 522",Paris,FR,48.816519,2.35837,4.8,2
A00220,Grand Hotel Gaudí II,"Street da Sé, 2462",Barcelona,ES,41.386866,2.273828,3.3,864
A00221,Residency Cathedral,Praça dos Andradas 9952,Paris,FR,48.817947,2.395633,5.0,570
A00222,Grand Hotel Europa Saint,"Praça Copacabana, 6580",Curitiba,BR,-25.428027,-49.345615,4.5,661
A00223,Pousada Europa,"Praça dos Andradas, 1377",São Paulo,BR,-23.458306,-46.600098,4.4,749
A00224,Palace Lumière II & Spa,"R. da Sé, 7354",Rio de Janeiro,BR,-22.926629,-43.141498,4.4,434
A00225,Residency Central,"Avenue Europa, 7379",Rio de Janeiro,BR,-22.949958,-43.277028,4.4,601
A00226,Pousada Seine,"Avenue dos Andradas, 7910",São Paulo,BR,-23.625324,-46.565945,3.8,1213
A00227,Suites Liberdade,"Av. da República, 4432",Lisboa,PT,38.708387,-9.134837,5.0,409
A00228,Pousada Liberdade,Pça. dos Andradas 3391,Rio de Janeiro,BR,-22.85809,-43.13052,4.0,900
A00229,Palace Augusta II,Rua Copacabana 6257,Barcelona,ES,41.358098,2.160891,4.5,688
A00230,Hotel Central,"Street dos Andradas, 1284",Curitiba,BR,-25.415942,-49.338261,4.7,915
A00231,Suites Central,"Avenue Liberdade, 8187",Porto Alegre,BR,-29.978573,-51.242708,4.0,723
A00232,Hotel Europa II,"Avenue Augusta, 8896",Madrid,ES,40.417315,-3.610665,4.9,413
A00233,Suites Gaudí II,"Street Central, 686",Curitiba,BR,-25.391554,-49.210225,4.0,486
A00234,Inn Cathedral Saint,"Street das Flores, 1975",Barcelona,ES,41.386193,2.179595,4.7,451
A00235,Hotel Europa,"Rua Paulista, 6589",Madrid,ES,40.400895,-3.725425,4.6,342
A00236,Pousada Cathedral II,"Street Europa, 8536",Porto,PT,41.042898,-8.61402,4.4,848
A00237,Inn Augusta II,"Avenue dos Andradas, 5775",Curitiba,BR,-25.453695,-49.305264,3.8,758
A00238,Suites Cathedral,"Praça Copacabana, 6745",Rio de Janeiro,BR,-22.9207,-43.21389,4.0,415
A00239,Grand Hotel Augusta II,"Praça Liberdade, 2823",Lisboa,PT,38.846413,-9.129267,3.9,459
A00240,Inn Europa,"Praça Central, 7134",Porto,PT,41.15048,-8.541543,4.2,670
A00241,Residency Europa,"Avenue Copacabana, 670",Porto,PT,41.092319,-8.619658,4.3,243
A00242,Pousada Gaudí Saint,Street Central 5570,São Paulo,BR,-23.555985,-46.742515,3.6,799
A00243,Grand Hotel Europa,"Avenida Paulista, 3832",Rio de Janeiro,BR,-22.936381,-43.191282,3.5,1
A00244,Grand Hotel Gaudí Saint & Spa,"Rua da Sé, 9088",São Paulo,BR,-23.528493,-46.611278,3.8,610
A00245,Pousada Lumière,"Rua Augusta, 156",Porto,PT,41.182672,-8.631517,4.7,1
A00246,Inn Seine,"Avenue Liberdade, 5926",Lisboa,PT,38.693375,-9.068343,4.2,591
A00247,Suites Augusta,"Pça. Liberdade, 9032",Curitiba,BR,-25.452622,-49.276857,4.2,510
A00248,Residency Central,"Praça Liberdade, 4089",Curitiba,BR,-25.404952,-49.223323,4.6,1171
A00249,Inn Cathedral,Praça Augusta 1532,Curitiba,BR,-25.414237,-49.299455,3.5,534
A00250,Suites Gaudí,"Street Central, 6817",Barcelona,ES,41.427384,2.126638,3.7,540
A00251,Inn Lumière II,"Rua das Flores, 7805",Madrid,ES,40.456647,-3.734317,4.3,292
A00252,Suites Copacabana,"Avenue Augusta, 661",Belo Horizonte,BR,-19.923939,-44.014796,4.2,1037
A00253,Hotel Augusta Saint,"Avenida das Flores, 9169",Porto,PT,41.124936,-8.600013,3.9,740
A00254,Residency Gaudí Saint,Avenue Liberdade 6749,Belo Horizonte,BR,-19.847713,-43.95411,4.9,866
A00255,Inn Augusta II & Spa,"Street Copacabana, 8771",Porto Alegre,BR,-30.039364,-51.317422,4.8,393
A00256,Grand Hotel Paulista,"Avenida das Flores, 4876",Madrid,ES,40.411195,-3.777423,3.3,1
A00257,Pousada Lumière II,"Avenue Augusta, 5411",Curitiba,BR,-25.424112,-49.342673,3.6,256
A00258,Grand  Augusta II,"Street Copacabana, 3745",Rio de Janeiro,BR,-22.903983,-43.209905,4.6,542
A00259,Palace Seine II,"Rua Central, 4659",Barcelona,ES,41.377729,2.152714,4.6,742
A00260,Palace Central Saint,Avenida Paulista 6032,São Paulo,BR,-23.534311,-46.536732,4.0,475
A00261,Residency Seine,"Rua Central, 9429",Rio de Janeiro,BR,-22.866146,-43.106452,4.8,704
A00262,Grand Hotel Augusta Saint,"Rua da Sé, 3501",Curitiba,BR,-25.420217,-49.218217,3.8,70
A00263,Pousada Gaudí Saint,"Praça Europa, 2071",Belo Horizonte,BR,-19.933859,-43.94342,4.3,1
A00264,Grand Hotel Lumière,"Street da Sé, 7",Porto,PT,41.136505,-8.572487,4.7,937
A00265,Suites Europa II,"Avenue Europa, 4010",Curitiba,BR,-25.395565,-49.287493,4.9,663
A00266,Hotel Augusta,"Street da Sé, 3808",Porto,PT,41.159674,-8.668504,4.8,626
A00267,Pousada Cathedral,"Rua das Flores, 9715",Belo Horizonte,BR,-19.946424,-43.911729,4.4,766
A00268,Suites Liberdade Saint,"Praça da Sé, 6208",São Paulo,BR,-23.632542,-46.572283,3.8,441
A00269,Suites Cathedral Boutique,"Rua das Flores, 7685",Porto,PT,41.182048,-8.63013,4.5,499
A00270,Inn Augusta,"Av. Augusta, 7167",Porto Alegre,BR,-30.074906,-51.264034,3.6,954
A00271,Pousada Gaudí Saint,"Rua Liberdade, 3826",Madrid,ES,40.41718,-3.651579,5.0,70
A00272,Pousada Liberdade II,"R. das Flores, 2842",Madrid,ES,40.456257,-3.676508,3.8,670
A00273,Palace Gaudí Saint Boutique,"Street Liberdade, 8449",Belo Horizonte,BR,-19.959006,-43.927249,3.4,480
A00274,Inn Central Saint,"Praça Copacabana, 3427",Curitiba,BR,-25.410319,-49.228618,4.1,1
A00275,Grand Hotel Copacabana II,"Avenida da República, 2556",Porto Alegre,BR,-30.111616,-51.269318,3.6,235
A00276,Suites Cathedral,"R. Central, 2369",Curitiba,BR,-25.451407,-49.341634,4.0,665
A00277,Residency Cathedral,"Avenida Europa, 5566",São Paulo,BR,-23.536652,-46.566391,4.3,1167
A00278,Grand Hotel Augusta,"Street da República, 6847",Paris,FR,48.82373,2.428633,4.5,751
A00279,Grand Hotel Lumière,"Avenue Central, 2438",São Paulo,BR,-23.560143,-46.623466,4.6,529
A00280,Inn Augusta II,"Ave Liberdade, 9011",Lisboa,PT,38.710336,-9.10248,3.9,1105
A00281,Hotel Gaudí,"Avenida da República, 7095",São Paulo,BR,-23.522608,-46.645514,3.6,298
A00282,Pousada Paulista,"Rua da Sé, 4889",São Paulo,BR,-23.437699,-46.6521,2.6,469
A00283,Hotel Liberdade Saint,"Avenida Liberdade, 1520",Paris,FR,48.836174,2.343662,4.0,949
A00284,Palace Augusta Saint,Praça dos Andradas 4425,Madrid,ES,40.404772,-3.683473,4.7,981
A00285,Palace Liberdade,"Rua dos Andradas, 7481",Barcelona,ES,41.400708,2.242554,4.4,310
A00286,Palace Europa II,"Avenida dos Andradas, 1816",Belo Horizonte,BR,-19.910731,-43.937714,4.7,436
A00287,Inn Lumière,"Avenida Europa, 8932",São Paulo,BR,-23.606631,-46.573581,4.3,726
A00288,Inn Seine,"Avenue Europa, 3867",Barcelona,ES,41.424999,2.19808,4.2,355
A00289,Residency Liberdade & Spa,"Praça das Flores, 2208",Belo Horizonte,BR,-19.889036,-43.906878,2.6,224
A00290,Inn Lumière Saint,"Avenue Copacabana, 8681",Rio de Janeiro,BR,-22.941185,-43.050535,4.3,372
A00291,Inn Seine,"Avenue das Flores, 8585",Paris,FR,48.858691,2.35983,3.3,366
A00292,Inn Paulista,"Street Central, 6708",Curitiba,BR,-25.414909,-49.242138,3.6,442
A00293,Grand Hotel Seine II,"Praça dos Andradas, 1933",Rio de Janeiro,BR,-22.980505,-43.185182,3.8,638
A00294,Suites Gaudí,"Pça. Europa, 9468",Paris,FR,48.784968,2.355236,4.9,476
A00295,Residency Cathedral II,"Avenida Europa, 9078",Curitiba,BR,-25.471717,-49.201781,3.6,1004
A00296,Grand Hotel Copacabana Saint,"Avenue Europa, 8712",Paris,FR,48.950218,2.342229,4.4,191
A00297,Inn Seine Saint,"Avenida das Flores, 8149",São Paulo,BR,-23.527174,-46.594844,4.1,280
A00298,Hotel Liberdade,"Avenue Europa, 1677",Paris,FR,49.033294,2.274536,5.0,408
A00299,Grand  Lumière,"Street da República, 4558",Barcelona,ES,41.37217,1.997736,4.1,26
A00300,Hotel Liberdade,"Street Central, 615",Lisboa,PT,38.649469,-9.185905,3.9,816
A00301,Residency Lumière Saint,"Avenida Augusta, 3608",Porto Alegre,BR,-30.119088,-51.212159,3.6,451
A00302,Residency Central,"Avenue dos Andradas, 5142",Porto Alegre,BR,-29.944972,-51.179939,4.2,319
A00303,Grand Hotel Copacabana Saint,Rua Europa 8713,Porto,PT,41.037138,-8.626336,4.5,740
A00304,Grand Hotel Cathedral & Spa,"Rua Paulista, 1662",Porto Alegre,BR,-30.048369,-51.254352,3.5,778
A00305,Paulista Boutique,"Avenue da República, 1904",Madrid,ES,40.325283,-3.679667,5.0,44
A00306,Inn Copacabana,"Praça Augusta, 4947",Lisboa,PT,38.732604,-9.153743,4.7,598
A00307,Residency Augusta,"Praça dos Andradas, 2973",Rio de Janeiro,BR,-22.883163,-43.166198,4.4,267
A00308,Suites Liberdade,"Praça Copacabana, 4069",Madrid,ES,40.423256,-3.73341,3.3,113
A00309,Hotel Europa II,"Rua da República, 3803",Rio de Janeiro,BR,-22.950668,-43.201029,2.9,419
A00310,Inn Liberdade Saint,"Praça dos Andradas, 2850",Curitiba,BR,-25.389304,-49.328314,4.4,990
A00311,Hotel Augusta Saint,"Avenida Augusta, 2556",Barcelona,ES,41.415733,2.18898,4.5,136
A00312,Palace Lumière Saint,"Avenue da República, 8561",Rio de Janeiro,BR,-22.912987,-43.179917,4.1,716
A00313,Grand Hotel Liberdade II,"Rua Copacabana, 1338",Curitiba,BR,-25.505721,-49.326486,3.9,776
A00314,Hotel Central Saint,"Rua Paulista, 8025",Porto Alegre,BR,-30.015287,-51.196106,4.1,968
A00315,Palace Seine Saint,"Avenida das Flores, 5308",Belo Horizonte,BR,-19.82216,-43.977315,3.7,701
A00316,Pousada Seine & Spa,"Avenue dos Andradas, 6916",Madrid,ES,40.467602,-3.748716,4.1,410
A00317,Suites Central,"Avenue da Sé, 5104",Barcelona,ES,41.433045,2.217269,4.0,935
A00318, Europa,"Praça Liberdade, 137",Barcelona,ES,41.407263,2.062158,4.2,630
A00319,Palace Paulista Saint & Spa,"Avenue Copacabana, 3688",Barcelona,ES,41.461163,2.179129,4.3,1
A00320,Suites Paulista II,"Praça Europa, 7082",Porto Alegre,BR,-30.070372,-51.244566,4.2,33
A00321,Pousada Liberdade II,"Avenida Paulista, 6319",Belo Horizonte,BR,-19.953376,-43.994641,5.0,836
A00322,Hotel Liberdade Saint,"Avenue Paulista, 817",Rio de Janeiro,BR,-22.912305,-43.208764,4.9,689
A00323,Grand Gaudí II,"Rua das Flores, 6812",Rio de Janeiro,BR,-22.918721,-43.088123,4.0,603
A00324,Suites Gaudí,"Praça Copacabana, 6802",Belo Horizonte,BR,-19.876836,-44.051893,3.9,438
A00325,Grand Hotel Central Saint,"Avenue Europa, 532",Porto Alegre,BR,-30.083358,-51.264339,3.4,61
A00326,Pousada Cathedral II & Spa,"Street Augusta, 5627",Porto Alegre,BR,-30.038423,-51.249107,4.3,694
A00327,Grand Hotel Paulista,"Street Copacabana, 671",Paris,FR,48.872073,2.426864,4.9,560
A00328,Residency Central,"Praça da Sé, 991",Lisboa,PT,38.758657,-9.123714,5.0,898
A00329,Grand Hotel Seine,"Praça dos Andradas, 3341",Curitiba,BR,-25.361759,-49.35899,4.3,157
A00330,Grand Hotel Seine,"Rua Europa, 3279",Porto Alegre,BR,-30.075738,-51.153214,4.4,727
A00331,Hotel Central,"Praça dos Andradas, 4335",Barcelona,ES,41.347224,2.204196,4.9,484
A00332,Palace Seine II,"Street da República, 923",Madrid,ES,40.460391,-3.762048,4.5,713
A00333,Suites Central,"Praça da Sé, 4501",São Paulo,BR,-23.501525,-46.612644,3.8,868
A00334,Suites Lumière,"Avenue dos Andradas, 8093",Rio de Janeiro,BR,-22.897687,-43.190285,4.5,747
A00335,Suites Augusta,"Avenue Europa, 8491",Porto,PT,41.152072,-8.618529,3.0,646
A00336,Suites Lumière 2,Street da República 3505,São Paulo,BR,-23.530228,-46.574708,4.9,794
A00337,Palace Seine Saint,"Avenue Liberdade, 68",São Paulo,BR,-23.462253,-46.653982,3.2,273
A00338,Pousada Cathedral,Avenida da República 651,Lisboa,PT,38.79645,-9.070462,2.6,47
A00339,Grand Hotel Augusta II,"Av. Augusta, 5233",Belo Horizonte,BR,-19.922291,-43.905614,4.5,425
A00340,Inn Paulista Saint,"Street dos Andradas, 616",Belo Horizonte,BR,-19.82255,-43.963869,3.8,632
A00341,Palace Paulista II,"Avenida das Flores, 3876",Barcelona,ES,41.397875,2.130328,4.1,597
A00342,Residency Lumière,"Rua Liberdade, 7383",Barcelona,ES,41.358322,2.138847,4.4,1002
A00343,Hotel Lumière St.,"Street da República, 9077",São Paulo,BR,-23.651277,-46.692159,4.5,627
A00344,Palace Liberdade II,"Avenida Copacabana, 1547",Rio de Janeiro,BR,-22.967806,-43.18495,3.6,521
A00345,Grand Hotel Augusta Saint Boutique,"Street Liberdade, 6629",Rio de Janeiro,BR,-22.929452,-43.19322,3.3,675
A00346,Residency Lumière Saint,"Praça da Sé, 7543",Barcelona,ES,41.465331,2.165183,3.4,110
A00347,Inn Cathedral,"Avenida Central, 3137",São Paulo,BR,-23.599051,-46.578177,3.4,286
A00348,Hotel Copacabana Saint & Spa,"Rua Europa, 5068",Lisboa,PT,38.735206,-9.238019,4.0,778
A00349,Pousada Europa II,"Rua dos Andradas, 845",Paris,FR,48.839871,2.40268,3.9,791
A00350,Residency Cathedral,"Rua das Flores, 187",Barcelona,ES,41.401026,2.107576,3.7,1257
A00351,Suites Central,"Rua dos Andradas, 2295",Porto,PT,41.21035,-8.636415,3.9,288
A00352,Europa II,Rua Central 308,Belo Horizonte,BR,-19.912013,-44.019986,4.7,674
A00353,Inn Seine II,Street Augusta 8113,São Paulo,BR,-23.582536,-46.606103,2.9,324
A00354,Residency Europa,"Rua da República, 8348",Lisboa,PT,38.581543,-9.164166,3.8,882
A00355,Palace Cathedral Boutique Boutique,"Rua Central, 7070",Lisboa,PT,38.779365,-9.149446,3.2,421
A00356,Residency Paulista,"Rua Central, 7118",Curitiba,BR,-25.384845,-49.191052,4.9,734
A00357,Hotel Seine,"Avenue das Flores, 9941",Curitiba,BR,-25.439192,-49.237076,4.1,894
A00358,Hotel Paulista Saint,"Rua da Sé, 7000",Rio de Janeiro,BR,-22.905884,-43.159781,4.0,559
A00359,Hotel Central Saint,"Avenida dos Andradas, 1052",Lisboa,PT,38.677197,-9.091934,4.6,924
A00360,Suites Gaudí Saint,"Street das Flores, 184",Porto,PT,41.118347,-8.711166,4.4,711
A00361,Inn Cathedral,"Rua dos Andradas, 4183",Belo Horizonte,BR,-19.943864,-43.965583,3.7,1
A00362, Seine,"Pça. da República, 2673",Belo Horizonte,BR,-19.892441,-43.926989,4.2,902
A00363,Palace Central,"Rua da República, 3962",São Paulo,BR,-23.551895,-46.606302,3.8,412
A00364,Central II,"Rua Paulista, 2029",Lisboa,PT,38.660809,-9.129919,3.7,766
A00365,Palace Central Saint,"Avenue dos Andradas, 6510",Porto,PT,41.18717,-8.574389,3.7,249
A00366,Grand Hotel Copacabana,"Rua da República, 6929",Porto Alegre,BR,-30.078258,-51.239132,4.5,606
A00367,Inn Liberdade,"Praça Augusta, 2467",Belo Horizonte,BR,-20.032798,-43.881833,4.4,632
A00368,Palace Paulista Saint,"Rua Liberdade, 1074",Rio de Janeiro,BR,-22.963577,-43.257846,4.8,934
A00369,Residency Augusta,St Augusta 8379,Porto,PT,41.087934,-8.626954,4.2,770
A00370,Suites Lumière & Spa,"Praça Central, 3855",São Paulo,BR,-23.50408,-46.654338,4.5,257
A00371,Residency Seine,"Praça Europa, 7120",Madrid,ES,40.406463,-3.705036,3.6,830
A00372,Grand  Gaudí,"Street dos Andradas, 9418",Curitiba,BR,-25.442014,-49.275818,5.0,284
A00373,Palace Central,Rua Augusta 7702,Madrid,ES,40.494931,-3.772679,5.0,434
A00374,Residency Gaudí Boutique,"Avenue das Flores, 2018",Porto Alegre,BR,-29.955196,-51.253955,3.7,459
A00375,Hotel Gaudí II,"Avenida Europa, 8308",Curitiba,BR,-25.448718,-49.296611,3.6,417
A00376,Pousada Paulista Saint,"Praça da Sé, 1554",Curitiba,BR,-25.462766,-49.21773,4.6,172
A00377,Inn Augusta Saint,"Avenida Europa, 5878",São Paulo,BR,-23.504071,-46.680027,4.4,397
A00378,Residency Cathedral II,"Street Paulista, 4671",Curitiba,BR,-25.461626,-49.324733,4.1,453
A00379,Grand Hotel Augusta,Avenida da República 9118,Porto,PT,41.146926,-8.640448,3.1,331
A00380,Inn Augusta Saint,"Ave da Sé, 4714",Lisboa,PT,38.69111,-9.117281,3.9,285
A00381,Inn Copacabana II,"Avenida da Sé, 4320",Porto Alegre,BR,-30.014451,-51.16942,5.0,366
A00382,Pousada Central,"Street Augusta, 2582",Rio de Janeiro,BR,-22.944435,-43.189695,4.6,209
A00383,Inn Gaudí,"St Copacabana, 1033",Porto Alegre,BR,-30.086865,-51.25004,3.8,826
A00384,Pousada Gaudí,"Praça da Sé, 5309",Barcelona,ES,41.37226,2.246145,5.0,153
A00385,Hotel Cathedral,"Praça das Flores, 927",Porto,PT,41.162118,-8.545354,3.6,283
A00386,Grand Hotel Cathedral II,"Praça Europa, 9324",Barcelona,ES,41.366243,2.158111,3.6,339
A00387,Pousada Gaudí & Spa,"Rua Copacabana, 5594",São Paulo,BR,-23.601088,-46.642143,4.1,368
A00388, Copacabana,"Street Copacabana, 4884",Rio de Janeiro,BR,-22.838014,-43.277911,3.8,256
A00389,Residency Gaudí II,"Street da Sé, 7453",Porto Alegre,BR,-29.94997,-51.134131,3.6,427
A00390,Suites Europa II,"Avenida Europa, 9944",Belo Horizonte,BR,-19.972748,-43.954677,3.4,824
A00391,Suites Augusta,Rua Augusta 2777,Paris,FR,48.926304,2.440852,4.5,237
A00392,Pousada Europa,"Street Paulista, 5875",Porto Alegre,BR,-29.998362,-51.129098,3.9,385
A00393,Residency Cathedral Saint,"Praça dos Andradas, 1368",Porto,PT,41.213104,-8.590528,3.2,164
A00394,Hotel Copacabana,"Avenue Liberdade, 9044",Lisboa,PT,38.789796,-9.177754,3.5,568
A00395,Inn Augusta,"Praça dos Andradas, 243",Lisboa,PT,38.727832,-9.150495,4.9,801
A00396,Inn Augusta St.,"Praça das Flores, 5163",Porto,PT,41.146753,-8.658061,4.6,1254
A00397,Inn Lumière Saint,"Praça da República, 2800",Paris,FR,48.892874,2.285593,5.0,501
A00398,Pousada Europa & Spa,"Rua Central, 3893",Rio de Janeiro,BR,-22.935377,-43.126437,4.1,612
A00399,Hotel Cathedral 2,"Avenue da República, 7383",Porto,PT,41.188726,-8.69801,5.0,275
A00400,Palace Liberdade,"Praça Paulista, 2382",Paris,FR,48.876274,2.349243,3.7,1191
A00401,Grand Hotel Central,"Avenida da República, 6361",Curitiba,BR,-25.410375,-49.263721,4.1,182
A00402,Pousada Central II,"Rua da República, 1284",São Paulo,BR,-23.499592,-46.617889,3.0,817
A00403,Pousada Augusta 2 & Spa,Pça. Central 8948,Porto,PT,41.070452,-8.648935,4.1,604
A00404,Pousada Augusta,"Avenida da República, 3623",São Paulo,BR,-23.620586,-46.628239,4.9,371
A00405,Inn Augusta II,"Avenue Paulista, 693",Barcelona,ES,41.342153,2.090158,4.9,650
A00406,Pousada Europa II,Avenue Central 7934,Barcelona,ES,41.417096,2.235556,4.9,393
A00407,Inn Cathedral,"Praça da Sé, 1185",Curitiba,BR,-25.331232,-49.311135,3.7,437
A00408,Pousada Cathedral Saint,"Avenue Europa, 9964",Lisboa,PT,38.691098,-9.144739,4.3,590
A00409,Grand Hotel Augusta,Avenida dos Andradas 6749,Porto,PT,41.028309,-8.685651,3.8,479
A00410,Grand Hotel Cathedral II,"Avenue Liberdade, 3855",Lisboa,PT,38.694355,-9.169997,3.8,458
A00411,Residency Central,"Avenida Augusta, 3139",Paris,FR,48.847359,2.349575,4.1,325
A00412,Palace Liberdade,"Avenue da Sé, 3900",Lisboa,PT,38.823683,-9.107974,3.9,707
A00413,Pousada Gaudí,"Praça Central, 2227",Porto Alegre,BR,-30.047552,-51.231344,3.4,313
A00414,Residency Copacabana Saint Boutique Boutique,"Praça Liberdade, 1785",Porto Alegre,BR,-30.026491,-51.226768,4.0,212
A00415,Pousada Cathedral II,"Praça Copacabana, 7608",Porto,PT,41.122824,-8.569514,3.7,985
A00416,Inn Augusta,"Rua da Sé, 3198",Lisboa,PT,38.67732,-9.119004,4.5,22
A00417,Palace Cathedral,"Street Liberdade, 6454",Porto,PT,41.101539,-8.624834,5.0,131
A00418,Pousada Cathedral,"Ave Copacabana, 1182",Porto Alegre,BR,-30.089731,-51.21689,5.0,1
A00419,Palace Copacabana,"Avenida da República, 4531",Barcelona,ES,41.4057,2.242637,4.7,88
A00420,Palace Gaudí Saint,"Avenida das Flores, 2581",Belo Horizonte,BR,-19.93418,-43.818966,4.0,342
A00421,Palace Paulista,"Avenida Central, 7081",Curitiba,BR,-25.471232,-49.354508,3.7,610
A00422,Suites Copacabana,"Avenue Liberdade, 5623",Porto,PT,41.104626,-8.542738,3.6,316
A00423,Hotel Central,"Rua da República, 5754",Paris,FR,48.906621,2.385459,4.4,992
A00424,Inn Gaudí Saint,"Rua Central, 516",Paris,FR,48.807792,2.304205,4.5,35
A00425,Residency Gaudí II,"Praça Liberdade, 1141",Porto,PT,41.129738,-8.679232,4.5,409
A00426,Grand Hotel Liberdade,"Rua Copacabana, 4087",São Paulo,BR,-23.566319,-46.635117,4.7,163
A00427,Residency Central Saint,"Street da Sé, 2934",Porto Alegre,BR,-30.055191,-51.299416,3.7,322
A00428,Hotel Augusta Saint,"Street da República, 4313",Porto Alegre,BR,-30.057298,-51.20946,4.9,871
A00429,Suites Liberdade,"Praça das Flores, 1168",Curitiba,BR,-25.420097,-49.308206,5.0,268
A00430,Palace Cathedral Saint,"Rua dos Andradas, 6692",Porto,PT,41.169614,-8.599822,3.2,868
A00431,Inn Liberdade Saint,"Ave das Flores, 3830",Lisboa,PT,38.71729,-9.141019,4.3,419
A00432,Grand Hotel Europa,"Street da Sé, 8882",Madrid,ES,40.543873,-3.686345,4.8,405
A00433,Pousada Augusta Saint,"Praça Augusta, 5566",Madrid,ES,40.511663,-3.715095,3.6,440
A00434,Grand Hotel Copacabana 2,"Avenida dos Andradas, 4814",Madrid,ES,40.467066,-3.717396,4.7,278
A00435,Suites Gaudí,"Avenue da Sé, 4436",Madrid,ES,40.439858,-3.656575,3.9,305
